{
    "RR Throughput": {
        "TCP_RR": {
            "new": 31607.946, 
            "old": 23163.434, 
            "ratio": 36.45621802017782
        }, 
        "UDP_RR": {
            "new": 35175.598, 
            "old": 25075.236, 
            "ratio": 40.2802270734361
        }
    }, 
    "Receiver Throughput": {
        "UDP_STREAM_1472": {
            "new": 8975.9, 
            "old": 9054.132, 
            "ratio": -0.8640474868270132
        }, 
        "UDP_STREAM_18": {
            "new": 125.43, 
            "old": 124.624, 
            "ratio": 0.6467454101938719
        }, 
        "UDP_STREAM_210": {
            "new": 1436.524, 
            "old": 1439.284, 
            "ratio": -0.19176201500191725
        }, 
        "UDP_STREAM_466": {
            "new": 3104.436, 
            "old": 3110.114, 
            "ratio": -0.18256565514961354
        }, 
        "UDP_STREAM_82": {
            "new": 566.794, 
            "old": 567.644, 
            "ratio": -0.14974173954098724
        }, 
        "UDP_STREAM_978": {
            "new": 6193.066, 
            "old": 6275.3, 
            "ratio": -1.310439341545433
        }
    }, 
    "Sender Throughput": {
        "UDP_STREAM_1472": {
            "new": 9066.566, 
            "old": 9232.13, 
            "ratio": -1.793345630964882
        }, 
        "UDP_STREAM_18": {
            "new": 126.85, 
            "old": 128.526, 
            "ratio": -1.3040163079843903
        }, 
        "UDP_STREAM_210": {
            "new": 1452.586, 
            "old": 1475.954, 
            "ratio": -1.5832471743699283
        }, 
        "UDP_STREAM_466": {
            "new": 3138.6, 
            "old": 3181.916, 
            "ratio": -1.3613181491906268
        }, 
        "UDP_STREAM_82": {
            "new": 573.086, 
            "old": 584.454, 
            "ratio": -1.9450632556197611
        }, 
        "UDP_STREAM_978": {
            "new": 6258.636, 
            "old": 6405.396, 
            "ratio": -2.29119323770145
        }
    }, 
    "Stream Throughput": {
        "TCP_STREAM": {
            "new": 9408.158, 
            "old": 9374.83, 
            "ratio": 0.35550511315938227
        }
    }
}
