{
  "context_switch": {
    "16p/0K": {
      "OFF": 2.308, 
      "OFF/OFF": 25.368000000000002, 
      "OFF/ON": 25.042, 
      "ON": 2.3040000000000003, 
      "ON/OFF": 20.64, 
      "ON/ON": 20.626
    }, 
    "16p/16K": {
      "OFF": 2.528, 
      "OFF/OFF": 26.770000000000003, 
      "OFF/ON": 27.006, 
      "ON": 2.536, 
      "ON/OFF": 21.78, 
      "ON/ON": 21.523999999999997
    }, 
    "16p/32K": {
      "OFF": 2.6260000000000003, 
      "OFF/OFF": 27.962, 
      "OFF/ON": 27.813999999999997, 
      "ON": 2.636, 
      "ON/OFF": 22.43, 
      "ON/ON": 21.622
    }, 
    "16p/4K": {
      "OFF": 2.4080000000000004, 
      "OFF/OFF": 25.664, 
      "OFF/ON": 25.838, 
      "ON": 2.398, 
      "ON/OFF": 20.724, 
      "ON/ON": 21.058
    }, 
    "16p/64K": {
      "OFF": 3.176, 
      "OFF/OFF": 29.406, 
      "OFF/ON": 29.244, 
      "ON": 3.1780000000000004, 
      "ON/OFF": 23.514000000000003, 
      "ON/ON": 23.636000000000003
    }, 
    "16p/8K": {
      "OFF": 2.454, 
      "OFF/OFF": 26.695999999999998, 
      "OFF/ON": 26.537999999999997, 
      "ON": 2.426, 
      "ON/OFF": 21.396, 
      "ON/ON": 21.704
    }, 
    "24p/0K": {
      "OFF": 2.344, 
      "OFF/OFF": 25.538, 
      "OFF/ON": 25.041999999999998, 
      "ON": 2.3400000000000003, 
      "ON/OFF": 20.938000000000002, 
      "ON/ON": 20.68
    }, 
    "24p/16K": {
      "OFF": 2.5840000000000005, 
      "OFF/OFF": 26.744, 
      "OFF/ON": 26.986, 
      "ON": 2.596, 
      "ON/OFF": 21.916, 
      "ON/ON": 21.816
    }, 
    "24p/32K": {
      "OFF": 2.792, 
      "OFF/OFF": 27.93, 
      "OFF/ON": 28.002000000000002, 
      "ON": 2.8099999999999996, 
      "ON/OFF": 22.554, 
      "ON/ON": 21.922
    }, 
    "24p/4K": {
      "OFF": 2.434, 
      "OFF/OFF": 26.174, 
      "OFF/ON": 25.622000000000003, 
      "ON": 2.442, 
      "ON/OFF": 21.296, 
      "ON/ON": 21.259999999999998
    }, 
    "24p/64K": {
      "OFF": 3.354, 
      "OFF/OFF": 29.560000000000002, 
      "OFF/ON": 28.956000000000003, 
      "ON": 3.3659999999999997, 
      "ON/OFF": 23.536, 
      "ON/ON": 23.876
    }, 
    "24p/8K": {
      "OFF": 2.4960000000000004, 
      "OFF/OFF": 26.798000000000002, 
      "OFF/ON": 26.764, 
      "ON": 2.49, 
      "ON/OFF": 21.502000000000002, 
      "ON/ON": 21.846
    }, 
    "2p/0K": {
      "OFF": 2.008, 
      "OFF/OFF": 22.970000000000002, 
      "OFF/ON": 23.439999999999998, 
      "ON": 1.972, 
      "ON/OFF": 19.318, 
      "ON/ON": 19.548
    }, 
    "2p/16K": {
      "OFF": 1.97, 
      "OFF/OFF": 23.671999999999997, 
      "OFF/ON": 23.636, 
      "ON": 1.9899999999999998, 
      "ON/OFF": 19.942, 
      "ON/ON": 20.026
    }, 
    "2p/32K": {
      "OFF": 1.9980000000000002, 
      "OFF/OFF": 24.221999999999998, 
      "OFF/ON": 23.7, 
      "ON": 1.964, 
      "ON/OFF": 19.872, 
      "ON/ON": 19.382
    }, 
    "2p/4K": {
      "OFF": 1.984, 
      "OFF/OFF": 22.55, 
      "OFF/ON": 22.786, 
      "ON": 1.9899999999999998, 
      "ON/OFF": 19.626, 
      "ON/ON": 19.036
    }, 
    "2p/64K": {
      "OFF": 1.9700000000000002, 
      "OFF/OFF": 25.023999999999997, 
      "OFF/ON": 25.362000000000002, 
      "ON": 1.996, 
      "ON/OFF": 20.644, 
      "ON/ON": 21.174000000000003
    }, 
    "2p/8K": {
      "OFF": 2.02, 
      "OFF/OFF": 23.824, 
      "OFF/ON": 23.918, 
      "ON": 1.996, 
      "ON/OFF": 20.064, 
      "ON/ON": 19.919999999999998
    }, 
    "32p/0K": {
      "OFF": 2.3600000000000003, 
      "OFF/OFF": 25.646, 
      "OFF/ON": 25.358, 
      "ON": 2.3499999999999996, 
      "ON/OFF": 20.660000000000004, 
      "ON/ON": 20.582
    }, 
    "32p/16K": {
      "OFF": 2.646, 
      "OFF/OFF": 26.89, 
      "OFF/ON": 27.242, 
      "ON": 2.636, 
      "ON/OFF": 21.964, 
      "ON/ON": 22.08
    }, 
    "32p/32K": {
      "OFF": 2.912, 
      "OFF/OFF": 28.118, 
      "OFF/ON": 27.852000000000004, 
      "ON": 2.926, 
      "ON/OFF": 22.451999999999998, 
      "ON/ON": 22.432
    }, 
    "32p/4K": {
      "OFF": 2.476, 
      "OFF/OFF": 26.378, 
      "OFF/ON": 26.189999999999998, 
      "ON": 2.472, 
      "ON/OFF": 21.195999999999998, 
      "ON/ON": 21.374000000000002
    }, 
    "32p/64K": {
      "OFF": 3.3999999999999995, 
      "OFF/OFF": 29.542, 
      "OFF/ON": 29.226, 
      "ON": 3.418, 
      "ON/OFF": 23.451999999999998, 
      "ON/ON": 23.878
    }, 
    "32p/8K": {
      "OFF": 2.536, 
      "OFF/OFF": 26.972, 
      "OFF/ON": 26.914, 
      "ON": 2.5420000000000003, 
      "ON/OFF": 21.448, 
      "ON/ON": 21.936
    }, 
    "4p/0K": {
      "OFF": 2.104, 
      "OFF/OFF": 24.362000000000002, 
      "OFF/ON": 23.89, 
      "ON": 2.076, 
      "ON/OFF": 19.662000000000003, 
      "ON/ON": 19.946
    }, 
    "4p/16K": {
      "OFF": 2.098, 
      "OFF/OFF": 25.234, 
      "OFF/ON": 24.415999999999997, 
      "ON": 2.112, 
      "ON/OFF": 20.337999999999997, 
      "ON/ON": 20.544000000000004
    }, 
    "4p/32K": {
      "OFF": 2.1100000000000003, 
      "OFF/OFF": 24.896, 
      "OFF/ON": 25.622, 
      "ON": 2.116, 
      "ON/OFF": 21.069999999999997, 
      "ON/ON": 20.705999999999996
    }, 
    "4p/4K": {
      "OFF": 2.072, 
      "OFF/OFF": 24.268, 
      "OFF/ON": 24.058, 
      "ON": 2.132, 
      "ON/OFF": 20.018, 
      "ON/ON": 19.882
    }, 
    "4p/64K": {
      "OFF": 2.12, 
      "OFF/OFF": 26.133999999999997, 
      "OFF/ON": 26.296000000000003, 
      "ON": 2.088, 
      "ON/OFF": 21.418, 
      "ON/ON": 21.612000000000002
    }, 
    "4p/8K": {
      "OFF": 2.08, 
      "OFF/OFF": 23.802, 
      "OFF/ON": 23.708, 
      "ON": 2.03, 
      "ON/OFF": 20.354, 
      "ON/ON": 20.514
    }, 
    "64p/0K": {
      "OFF": 2.426, 
      "OFF/OFF": 25.73, 
      "OFF/ON": 25.238, 
      "ON": 2.422, 
      "ON/OFF": 21.046, 
      "ON/ON": 20.810000000000002
    }, 
    "64p/16K": {
      "OFF": 2.8160000000000003, 
      "OFF/OFF": 27.037999999999997, 
      "OFF/ON": 27.248, 
      "ON": 2.8099999999999996, 
      "ON/OFF": 22.148, 
      "ON/ON": 22.012
    }, 
    "64p/32K": {
      "OFF": 3.0200000000000005, 
      "OFF/OFF": 27.805999999999997, 
      "OFF/ON": 28.032000000000004, 
      "ON": 3.022, 
      "ON/OFF": 22.562, 
      "ON/ON": 22.412
    }, 
    "64p/4K": {
      "OFF": 2.572, 
      "OFF/OFF": 26.762, 
      "OFF/ON": 26.653999999999996, 
      "ON": 2.5700000000000003, 
      "ON/OFF": 21.018, 
      "ON/ON": 21.436
    }, 
    "64p/64K": {
      "OFF": 3.4640000000000004, 
      "OFF/OFF": 29.355999999999998, 
      "OFF/ON": 29.226, 
      "ON": 3.458, 
      "ON/OFF": 23.586, 
      "ON/ON": 23.82
    }, 
    "64p/8K": {
      "OFF": 2.6540000000000004, 
      "OFF/OFF": 26.951999999999998, 
      "OFF/ON": 27.078, 
      "ON": 2.66, 
      "ON/OFF": 21.781999999999996, 
      "ON/ON": 22.012
    }, 
    "8p/0K": {
      "OFF": 2.33, 
      "OFF/OFF": 25.182000000000002, 
      "OFF/ON": 24.94, 
      "ON": 2.3259999999999996, 
      "ON/OFF": 20.716, 
      "ON/ON": 20.464
    }, 
    "8p/16K": {
      "OFF": 2.422, 
      "OFF/OFF": 26.728, 
      "OFF/ON": 26.6, 
      "ON": 2.438, 
      "ON/OFF": 21.584000000000003, 
      "ON/ON": 21.448
    }, 
    "8p/32K": {
      "OFF": 2.5, 
      "OFF/OFF": 27.488, 
      "OFF/ON": 27.36, 
      "ON": 2.526, 
      "ON/OFF": 22.182000000000002, 
      "ON/ON": 21.735999999999997
    }, 
    "8p/4K": {
      "OFF": 2.358, 
      "OFF/OFF": 25.354000000000003, 
      "OFF/ON": 25.246, 
      "ON": 2.378, 
      "ON/OFF": 20.848, 
      "ON/ON": 20.816
    }, 
    "8p/64K": {
      "OFF": 2.5260000000000002, 
      "OFF/OFF": 28.893999999999995, 
      "OFF/ON": 29.174, 
      "ON": 2.6000000000000005, 
      "ON/OFF": 23.189999999999998, 
      "ON/ON": 23.532
    }, 
    "8p/8K": {
      "OFF": 2.3760000000000003, 
      "OFF/OFF": 26.238, 
      "OFF/ON": 26.299999999999997, 
      "ON": 2.37, 
      "ON/OFF": 21.32, 
      "ON/ON": 21.494
    }, 
    "96p/0K": {
      "OFF": 2.462, 
      "OFF/OFF": 25.724, 
      "OFF/ON": 25.466,